2025-09-16_17-24-35,None,draft.py:2025-09-16_17-24-35
2025-09-16_17-26-09,None,draft.py:2025-09-16_17-24-35
2025-09-16_17-26-53,None,draft.py:2025-09-16_17-24-35
2025-09-16_17-27-41,None,draft.py:2025-09-16_17-24-35
2025-09-16_17-28-24,None,draft.py:2025-09-16_17-24-35
2025-09-16_17-29-05,None,draft.py:2025-09-16_17-24-35
2025-09-16_17-29-28,None,draft.py:2025-09-16_17-24-35
2025-09-16_17-29-39,None,draft.py:2025-09-16_17-24-35
2025-09-16_17-29-48,None,draft.py:2025-09-16_17-24-35
2025-10-02_16-10-50,None,draft.py:2025-10-02_16-10-50
2025-10-02_16-13-04,None,draft.py:2025-10-02_16-13-04
2025-10-02_16-14-31,None,draft.py:2025-10-02_16-14-31
2025-10-02_16-15-52,None,draft.py:2025-10-02_16-15-52
2025-10-02_16-16-17,None,draft.py:2025-10-02_16-16-17
2025-10-02_16-16-59,None,draft.py:2025-10-02_16-16-17
2025-10-02_16-19-05,None,draft.py:2025-10-02_16-19-05
2025-10-02_16-19-28,None,draft.py:2025-10-02_16-19-28
